INSERT INTO product (id, name, price, number) VALUES ('0', 'paper', '6823.26', '6463959');
INSERT INTO product (id, name, price, number) VALUES ('1', 'beer', '9545.27', '3518521');
INSERT INTO product (id, name, price, number) VALUES ('2', 'paper', '8644.55', '7136648');
INSERT INTO product (id, name, price, number) VALUES ('3', 'beer', '6132.93', '1693890');
INSERT INTO product (id, name, price, number) VALUES ('4', 'paper', '2777.51', '5347388');
INSERT INTO product (id, name, price, number) VALUES ('5', 'rice', '9704.21', '8686472');
INSERT INTO product (id, name, price, number) VALUES ('6', 'beer', '4894.09', '161422');
INSERT INTO product (id, name, price, number) VALUES ('7', 'coil', '3979.62', '3235584');
INSERT INTO product (id, name, price, number) VALUES ('8', 'rice', '8916.8', '2917286');
INSERT INTO product (id, name, price, number) VALUES ('9', 'coil', '5408.44', '4032524');
INSERT INTO supplier (id, name, address, phone_number) VALUES ('0', 'Wilcox PLC', '796 Chris Parkway
East Annachester, FL 70403', '0687770521');
INSERT INTO supplier (id, name, address, phone_number) VALUES ('1', 'Reed-Ward', '223 Brown Drives
Richardport, VA 78414', '182-864-1812x477');
INSERT INTO supplier (id, name, address, phone_number) VALUES ('2', 'Rivas, Patel and Dixon', 'Unit 8486 Box 9898
DPO AP 56085', '8186126729');
INSERT INTO supplier (id, name, address, phone_number) VALUES ('3', 'Green PLC', '88380 William Knolls Suite 907
Port Michaelton, SD 01582', '001-500-273-9887x5001');
INSERT INTO supplier (id, name, address, phone_number) VALUES ('4', 'Nichols, Davis and Williams', '7598 Sonia Walk
New Kathyland, WV 19038', '001-169-785-4058x432');
INSERT INTO supplier (id, name, address, phone_number) VALUES ('5', 'Key Inc', '967 Andrew Creek
West James, WI 53135', '(186)650-8358x75713');
INSERT INTO supplier (id, name, address, phone_number) VALUES ('6', 'Peters-Schneider', '4722 Herrera Rue Apt. 043
Lake Richard, AZ 75841', '669-865-3719x0914');
INSERT INTO supplier (id, name, address, phone_number) VALUES ('7', 'Sanders and Sons', '169 Thomas Dale Apt. 508
Kimburgh, ND 75769', '001-481-689-0415');
INSERT INTO supplier (id, name, address, phone_number) VALUES ('8', 'Day and Sons', '7398 Thomas Manors
Millerville, OK 69041', '864-444-7262x89655');
INSERT INTO supplier (id, name, address, phone_number) VALUES ('9', 'Harrell-Harmon', '820 Johnson Valley
North Ryan, HI 68436', '(080)282-2356x89430');
INSERT INTO shipper (id, name, address, postal_code) VALUES ('0', 'Spencer-Young', '176 Sherri Mill
Evelynstad, MP 67820', '426108');
INSERT INTO shipper (id, name, address, postal_code) VALUES ('1', 'Davis and Sons', '815 Bowman Meadows Suite 123
South Troy, WI 58830', '514413');
INSERT INTO shipper (id, name, address, postal_code) VALUES ('2', 'Nguyen-Porter', '387 Julia Road
North Timothy, KY 74106', '952791');
INSERT INTO shipper (id, name, address, postal_code) VALUES ('3', 'Foster LLC', '607 Wilcox Stravenue Apt. 540
Port Aprilchester, NV 78711', '198534');
INSERT INTO shipper (id, name, address, postal_code) VALUES ('4', 'Clark, Lester and Lopez', '445 Robinson Drives Apt. 048
Millerstad, MS 40260', '781548');
INSERT INTO shipper (id, name, address, postal_code) VALUES ('5', 'Powell, Cook and Gonzalez', '457 Cynthia Ferry Apt. 154
New Sophia, MH 24466', '733443');
INSERT INTO shipper (id, name, address, postal_code) VALUES ('6', 'Hernandez, Davis and Irwin', '156 Joshua Mews
Jessicastad, KS 83900', '015245');
INSERT INTO shipper (id, name, address, postal_code) VALUES ('7', 'Schultz PLC', '04738 Benson Highway Apt. 977
New Teresamouth, SC 16507', '682991');
INSERT INTO shipper (id, name, address, postal_code) VALUES ('8', 'Morales Inc', '20471 Taylor Green Apt. 152
South Jose, MA 31967', '558370');
INSERT INTO shipper (id, name, address, postal_code) VALUES ('9', 'Garcia-Hahn', '021 Henderson Fork
Brettstad, CA 53646', '153505');
INSERT INTO customer (id, name, address, phone_number) VALUES ('0', 'Phillip Case', '6488 Watkins Street
Katherinefort, ND 97523', '(086)355-0422');
INSERT INTO customer (id, name, address, phone_number) VALUES ('1', 'Brendan Lawrence', '80953 Jodi Green
South Melissaport, AL 15679', '783.791.6254x73300');
INSERT INTO customer (id, name, address, phone_number) VALUES ('2', 'Connor Zuniga', '8782 Victor Cliffs Apt. 306
Lake Matthew, AZ 26518', '001-794-520-0693x0348');
INSERT INTO customer (id, name, address, phone_number) VALUES ('3', 'Leslie Young', '335 Sharp Field
Tranhaven, TX 78588', '001-167-075-6590');
INSERT INTO customer (id, name, address, phone_number) VALUES ('4', 'Mark Williams', '7047 Michele Lights
Lake Jaclyn, VA 19591', '+1-380-967-3356x7428');
INSERT INTO customer (id, name, address, phone_number) VALUES ('5', 'Kimberly Bird', '258 Davis Passage
Lake Sean, AK 78628', '812-578-6815');
INSERT INTO customer (id, name, address, phone_number) VALUES ('6', 'Tasha Zuniga', '8082 Craig Club Apt. 604
Millerborough, CA 53430', '001-987-383-8908x25171');
INSERT INTO customer (id, name, address, phone_number) VALUES ('7', 'David Jacobson', '769 Anderson Estates
Samuelchester, DE 96820', '001-940-386-1995x9795');
INSERT INTO customer (id, name, address, phone_number) VALUES ('8', 'Jeffrey Thomas', '606 Navarro Trail
Tonyahaven, MO 68536', '088.848.6498');
INSERT INTO customer (id, name, address, phone_number) VALUES ('9', 'Kristin Hughes', '375 Stephen Path
North Kristaport, NH 41524', '+1-501-606-1895x604');
INSERT INTO warehouse (id, address, phone_number, supplier_id) VALUES ('0', '28397 Johnson Glens
Mcintoshstad, AK 49437', '042-221-1941x6098', '2');
INSERT INTO warehouse (id, address, phone_number, supplier_id) VALUES ('1', '612 Jennifer Turnpike
Millerfort, FL 41516', '642.487.0709x047', '9');
INSERT INTO warehouse (id, address, phone_number, supplier_id) VALUES ('2', '5907 Williams Point Apt. 973
Lake Johnfurt, DE 09203', '034.441.2919', '1');
INSERT INTO warehouse (id, address, phone_number, supplier_id) VALUES ('3', '8635 Baker Inlet
Jessemouth, PR 94119', '220.887.8542x89751', '4');
INSERT INTO warehouse (id, address, phone_number, supplier_id) VALUES ('4', 'Unit 2124 Box 2245
DPO AA 49555', '001-040-369-1241x99465', '1');
INSERT INTO warehouse (id, address, phone_number, supplier_id) VALUES ('5', '419 Ortiz Forges
East Paige, MI 68983', '+1-343-805-4877', '7');
INSERT INTO warehouse (id, address, phone_number, supplier_id) VALUES ('6', '15264 Andrea Mountains
New Taylorland, AK 55505', '838-590-4530x8458', '7');
INSERT INTO warehouse (id, address, phone_number, supplier_id) VALUES ('7', '5003 Matthew Place Apt. 910
Mossbury, TN 55832', '752.058.7074', '7');
INSERT INTO warehouse (id, address, phone_number, supplier_id) VALUES ('8', '3643 Page Flat Apt. 935
Jamesshire, SD 24329', '+1-844-844-0988x7482', '6');
INSERT INTO warehouse (id, address, phone_number, supplier_id) VALUES ('9', '919 Alvarez Causeway
East Ryanshire, NC 93409', '001-706-814-8265x183', '3');
INSERT INTO freight (id, start_date, end_date, destination, customer_id) VALUES ('0', '1970-11-10', '1982-08-16', '123 Velazquez Keys Suite 891
Valenzuelaton, AZ 88432', '2');
INSERT INTO freight (id, start_date, end_date, destination, customer_id) VALUES ('1', '1998-07-29', '2006-12-26', 'PSC 5545, Box 3679
APO AA 64762', '9');
INSERT INTO freight (id, start_date, end_date, destination, customer_id) VALUES ('2', '1993-10-12', '2004-01-05', '88190 Sean Passage Apt. 740
East Pamela, HI 25090', '1');
INSERT INTO freight (id, start_date, end_date, destination, customer_id) VALUES ('3', '1971-10-14', '2019-06-21', '5408 Nguyen Neck Suite 338
East Andrea, CA 60782', '4');
INSERT INTO freight (id, start_date, end_date, destination, customer_id) VALUES ('4', '1981-11-28', '1989-02-27', '7638 Brian Knolls
New Reneeside, MN 24581', '1');
INSERT INTO freight (id, start_date, end_date, destination, customer_id) VALUES ('5', '1982-04-12', '2019-09-09', '49234 White Forks
West Joshuabury, NM 47421', '7');
INSERT INTO freight (id, start_date, end_date, destination, customer_id) VALUES ('6', '2020-04-04', '1994-01-14', '83705 Lauren Light Apt. 773
Yolandamouth, AL 63127', '7');
INSERT INTO freight (id, start_date, end_date, destination, customer_id) VALUES ('7', '2002-06-18', '1972-05-22', 'PSC 8403, Box 9780
APO AA 48014', '7');
INSERT INTO freight (id, start_date, end_date, destination, customer_id) VALUES ('8', '1997-04-06', '2015-09-11', '80448 Erik Walk
Andersonberg, CA 34424', '6');
INSERT INTO freight (id, start_date, end_date, destination, customer_id) VALUES ('9', '1973-07-15', '1991-01-06', 'Unit 5785 Box 2177
DPO AE 16033', '3');
INSERT INTO driver (id, name, passport_number, freight_id, shipper_id) VALUES ('0', 'Courtney Garrett', '18724467CAV47', '0', '7');
INSERT INTO driver (id, name, passport_number, freight_id, shipper_id) VALUES ('1', 'Sheila Costa', '28513060WRZ75', '7', '7');
INSERT INTO driver (id, name, passport_number, freight_id, shipper_id) VALUES ('2', 'Adam Perry', '53679949XCQ72', '5', '8');
INSERT INTO driver (id, name, passport_number, freight_id, shipper_id) VALUES ('3', 'Richard Solis', '94863588NPA27', '6', '2');
INSERT INTO driver (id, name, passport_number, freight_id, shipper_id) VALUES ('4', 'Breanna Jones', '38770611VJT43', '9', '9');
INSERT INTO driver (id, name, passport_number, freight_id, shipper_id) VALUES ('5', 'Andrew Franco', '56120195KIW39', '8', '9');
INSERT INTO driver (id, name, passport_number, freight_id, shipper_id) VALUES ('6', 'Kristen Stewart', '90788785OLB85', '3', '8');
INSERT INTO driver (id, name, passport_number, freight_id, shipper_id) VALUES ('7', 'Andrew Kent', '48405735UQO10', '8', '4');
INSERT INTO driver (id, name, passport_number, freight_id, shipper_id) VALUES ('8', 'Thomas Lee', '09084722UEH12', '2', '4');
INSERT INTO driver (id, name, passport_number, freight_id, shipper_id) VALUES ('9', 'Kenneth Luna', '62741337GGS99', '6', '0');
INSERT INTO truck (id, registration_number, max_load, driver_id) VALUES ('0', '1872-ML6', '15', '1');
INSERT INTO truck (id, registration_number, max_load, driver_id) VALUES ('1', '4836-TS4', '48', '3');
INSERT INTO truck (id, registration_number, max_load, driver_id) VALUES ('2', '5130-QA6', '45', '3');
INSERT INTO truck (id, registration_number, max_load, driver_id) VALUES ('3', '9757-YO5', '16', '3');
INSERT INTO truck (id, registration_number, max_load, driver_id) VALUES ('4', '7994-XX1', '13', '4');
INSERT INTO truck (id, registration_number, max_load, driver_id) VALUES ('5', '1377-YK3', '21', '4');
INSERT INTO truck (id, registration_number, max_load, driver_id) VALUES ('6', '5885-PA3', '49', '6');
INSERT INTO truck (id, registration_number, max_load, driver_id) VALUES ('7', '4157-RJ7', '44', '8');
INSERT INTO truck (id, registration_number, max_load, driver_id) VALUES ('8', '1183-TM4', '47', '9');
INSERT INTO truck (id, registration_number, max_load, driver_id) VALUES ('9', '5315-ZU8', '37', '3');
INSERT INTO supplier_shipper (id, supplier_id, shipper_id) VALUES ('0', '0', '8');
INSERT INTO supplier_shipper (id, supplier_id, shipper_id) VALUES ('1', '0', '5');
INSERT INTO supplier_shipper (id, supplier_id, shipper_id) VALUES ('2', '0', '9');
INSERT INTO supplier_shipper (id, supplier_id, shipper_id) VALUES ('3', '0', '5');
INSERT INTO supplier_shipper (id, supplier_id, shipper_id) VALUES ('4', '1', '4');
INSERT INTO supplier_shipper (id, supplier_id, shipper_id) VALUES ('5', '1', '8');
INSERT INTO supplier_shipper (id, supplier_id, shipper_id) VALUES ('6', '1', '9');
INSERT INTO supplier_shipper (id, supplier_id, shipper_id) VALUES ('7', '1', '0');
INSERT INTO supplier_shipper (id, supplier_id, shipper_id) VALUES ('8', '2', '8');
INSERT INTO supplier_shipper (id, supplier_id, shipper_id) VALUES ('9', '2', '2');
INSERT INTO supplier_shipper (id, supplier_id, shipper_id) VALUES ('10', '2', '8');
INSERT INTO supplier_shipper (id, supplier_id, shipper_id) VALUES ('11', '2', '8');
INSERT INTO supplier_shipper (id, supplier_id, shipper_id) VALUES ('12', '3', '6');
INSERT INTO supplier_shipper (id, supplier_id, shipper_id) VALUES ('13', '3', '0');
INSERT INTO supplier_shipper (id, supplier_id, shipper_id) VALUES ('14', '3', '7');
INSERT INTO supplier_shipper (id, supplier_id, shipper_id) VALUES ('15', '3', '5');
INSERT INTO supplier_shipper (id, supplier_id, shipper_id) VALUES ('16', '4', '8');
INSERT INTO supplier_shipper (id, supplier_id, shipper_id) VALUES ('17', '4', '6');
INSERT INTO supplier_shipper (id, supplier_id, shipper_id) VALUES ('18', '4', '7');
INSERT INTO supplier_shipper (id, supplier_id, shipper_id) VALUES ('19', '4', '5');
INSERT INTO supplier_shipper (id, supplier_id, shipper_id) VALUES ('20', '5', '5');
INSERT INTO supplier_shipper (id, supplier_id, shipper_id) VALUES ('21', '5', '0');
INSERT INTO supplier_shipper (id, supplier_id, shipper_id) VALUES ('22', '5', '8');
INSERT INTO supplier_shipper (id, supplier_id, shipper_id) VALUES ('23', '5', '8');
INSERT INTO supplier_shipper (id, supplier_id, shipper_id) VALUES ('24', '6', '7');
INSERT INTO supplier_shipper (id, supplier_id, shipper_id) VALUES ('25', '6', '9');
INSERT INTO supplier_shipper (id, supplier_id, shipper_id) VALUES ('26', '6', '0');
INSERT INTO supplier_shipper (id, supplier_id, shipper_id) VALUES ('27', '6', '3');
INSERT INTO supplier_shipper (id, supplier_id, shipper_id) VALUES ('28', '7', '8');
INSERT INTO supplier_shipper (id, supplier_id, shipper_id) VALUES ('29', '7', '9');
INSERT INTO supplier_shipper (id, supplier_id, shipper_id) VALUES ('30', '7', '2');
INSERT INTO supplier_shipper (id, supplier_id, shipper_id) VALUES ('31', '7', '1');
INSERT INTO supplier_shipper (id, supplier_id, shipper_id) VALUES ('32', '8', '0');
INSERT INTO supplier_shipper (id, supplier_id, shipper_id) VALUES ('33', '8', '1');
INSERT INTO supplier_shipper (id, supplier_id, shipper_id) VALUES ('34', '8', '1');
INSERT INTO supplier_shipper (id, supplier_id, shipper_id) VALUES ('35', '8', '0');
INSERT INTO supplier_shipper (id, supplier_id, shipper_id) VALUES ('36', '9', '0');
INSERT INTO supplier_shipper (id, supplier_id, shipper_id) VALUES ('37', '9', '4');
INSERT INTO supplier_shipper (id, supplier_id, shipper_id) VALUES ('38', '9', '3');
INSERT INTO supplier_shipper (id, supplier_id, shipper_id) VALUES ('39', '9', '4');
INSERT INTO warehouse_product (id, warehouse_id, product_id) VALUES ('0', '0', '9');
INSERT INTO warehouse_product (id, warehouse_id, product_id) VALUES ('1', '0', '2');
INSERT INTO warehouse_product (id, warehouse_id, product_id) VALUES ('2', '0', '5');
INSERT INTO warehouse_product (id, warehouse_id, product_id) VALUES ('3', '0', '4');
INSERT INTO warehouse_product (id, warehouse_id, product_id) VALUES ('4', '1', '2');
INSERT INTO warehouse_product (id, warehouse_id, product_id) VALUES ('5', '1', '2');
INSERT INTO warehouse_product (id, warehouse_id, product_id) VALUES ('6', '1', '4');
INSERT INTO warehouse_product (id, warehouse_id, product_id) VALUES ('7', '1', '8');
INSERT INTO warehouse_product (id, warehouse_id, product_id) VALUES ('8', '2', '4');
INSERT INTO warehouse_product (id, warehouse_id, product_id) VALUES ('9', '2', '4');
INSERT INTO warehouse_product (id, warehouse_id, product_id) VALUES ('10', '2', '7');
INSERT INTO warehouse_product (id, warehouse_id, product_id) VALUES ('11', '2', '5');
INSERT INTO warehouse_product (id, warehouse_id, product_id) VALUES ('12', '3', '7');
INSERT INTO warehouse_product (id, warehouse_id, product_id) VALUES ('13', '3', '1');
INSERT INTO warehouse_product (id, warehouse_id, product_id) VALUES ('14', '3', '0');
INSERT INTO warehouse_product (id, warehouse_id, product_id) VALUES ('15', '3', '4');
INSERT INTO warehouse_product (id, warehouse_id, product_id) VALUES ('16', '4', '5');
INSERT INTO warehouse_product (id, warehouse_id, product_id) VALUES ('17', '4', '6');
INSERT INTO warehouse_product (id, warehouse_id, product_id) VALUES ('18', '4', '3');
INSERT INTO warehouse_product (id, warehouse_id, product_id) VALUES ('19', '4', '4');
INSERT INTO warehouse_product (id, warehouse_id, product_id) VALUES ('20', '5', '4');
INSERT INTO warehouse_product (id, warehouse_id, product_id) VALUES ('21', '5', '8');
INSERT INTO warehouse_product (id, warehouse_id, product_id) VALUES ('22', '5', '3');
INSERT INTO warehouse_product (id, warehouse_id, product_id) VALUES ('23', '5', '9');
INSERT INTO warehouse_product (id, warehouse_id, product_id) VALUES ('24', '6', '0');
INSERT INTO warehouse_product (id, warehouse_id, product_id) VALUES ('25', '6', '3');
INSERT INTO warehouse_product (id, warehouse_id, product_id) VALUES ('26', '6', '0');
INSERT INTO warehouse_product (id, warehouse_id, product_id) VALUES ('27', '6', '6');
INSERT INTO warehouse_product (id, warehouse_id, product_id) VALUES ('28', '7', '0');
INSERT INTO warehouse_product (id, warehouse_id, product_id) VALUES ('29', '7', '2');
INSERT INTO warehouse_product (id, warehouse_id, product_id) VALUES ('30', '7', '7');
INSERT INTO warehouse_product (id, warehouse_id, product_id) VALUES ('31', '7', '8');
INSERT INTO warehouse_product (id, warehouse_id, product_id) VALUES ('32', '8', '8');
INSERT INTO warehouse_product (id, warehouse_id, product_id) VALUES ('33', '8', '3');
INSERT INTO warehouse_product (id, warehouse_id, product_id) VALUES ('34', '8', '8');
INSERT INTO warehouse_product (id, warehouse_id, product_id) VALUES ('35', '8', '7');
INSERT INTO warehouse_product (id, warehouse_id, product_id) VALUES ('36', '9', '8');
INSERT INTO warehouse_product (id, warehouse_id, product_id) VALUES ('37', '9', '0');
INSERT INTO warehouse_product (id, warehouse_id, product_id) VALUES ('38', '9', '6');
INSERT INTO warehouse_product (id, warehouse_id, product_id) VALUES ('39', '9', '9');
INSERT INTO freight_product (id, freight_id, product_id) VALUES ('0', '0', '6');
INSERT INTO freight_product (id, freight_id, product_id) VALUES ('1', '0', '0');
INSERT INTO freight_product (id, freight_id, product_id) VALUES ('2', '0', '4');
INSERT INTO freight_product (id, freight_id, product_id) VALUES ('3', '0', '2');
INSERT INTO freight_product (id, freight_id, product_id) VALUES ('4', '1', '0');
INSERT INTO freight_product (id, freight_id, product_id) VALUES ('5', '1', '4');
INSERT INTO freight_product (id, freight_id, product_id) VALUES ('6', '1', '1');
INSERT INTO freight_product (id, freight_id, product_id) VALUES ('7', '1', '1');
INSERT INTO freight_product (id, freight_id, product_id) VALUES ('8', '2', '4');
INSERT INTO freight_product (id, freight_id, product_id) VALUES ('9', '2', '2');
INSERT INTO freight_product (id, freight_id, product_id) VALUES ('10', '2', '6');
INSERT INTO freight_product (id, freight_id, product_id) VALUES ('11', '2', '9');
INSERT INTO freight_product (id, freight_id, product_id) VALUES ('12', '3', '2');
INSERT INTO freight_product (id, freight_id, product_id) VALUES ('13', '3', '0');
INSERT INTO freight_product (id, freight_id, product_id) VALUES ('14', '3', '8');
INSERT INTO freight_product (id, freight_id, product_id) VALUES ('15', '3', '0');
INSERT INTO freight_product (id, freight_id, product_id) VALUES ('16', '4', '9');
INSERT INTO freight_product (id, freight_id, product_id) VALUES ('17', '4', '7');
INSERT INTO freight_product (id, freight_id, product_id) VALUES ('18', '4', '2');
INSERT INTO freight_product (id, freight_id, product_id) VALUES ('19', '4', '9');
INSERT INTO freight_product (id, freight_id, product_id) VALUES ('20', '5', '6');
INSERT INTO freight_product (id, freight_id, product_id) VALUES ('21', '5', '3');
INSERT INTO freight_product (id, freight_id, product_id) VALUES ('22', '5', '5');
INSERT INTO freight_product (id, freight_id, product_id) VALUES ('23', '5', '1');
INSERT INTO freight_product (id, freight_id, product_id) VALUES ('24', '6', '9');
INSERT INTO freight_product (id, freight_id, product_id) VALUES ('25', '6', '6');
INSERT INTO freight_product (id, freight_id, product_id) VALUES ('26', '6', '9');
INSERT INTO freight_product (id, freight_id, product_id) VALUES ('27', '6', '3');
INSERT INTO freight_product (id, freight_id, product_id) VALUES ('28', '7', '1');
INSERT INTO freight_product (id, freight_id, product_id) VALUES ('29', '7', '6');
INSERT INTO freight_product (id, freight_id, product_id) VALUES ('30', '7', '4');
INSERT INTO freight_product (id, freight_id, product_id) VALUES ('31', '7', '8');
INSERT INTO freight_product (id, freight_id, product_id) VALUES ('32', '8', '0');
INSERT INTO freight_product (id, freight_id, product_id) VALUES ('33', '8', '5');
INSERT INTO freight_product (id, freight_id, product_id) VALUES ('34', '8', '9');
INSERT INTO freight_product (id, freight_id, product_id) VALUES ('35', '8', '6');
INSERT INTO freight_product (id, freight_id, product_id) VALUES ('36', '9', '0');
INSERT INTO freight_product (id, freight_id, product_id) VALUES ('37', '9', '2');
INSERT INTO freight_product (id, freight_id, product_id) VALUES ('38', '9', '3');
INSERT INTO freight_product (id, freight_id, product_id) VALUES ('39', '9', '5');
