INSERT INTO product (id, name, price, number) VALUES ('0', ' Alice Mutton
', '2.42', '4644693');
INSERT INTO product (id, name, price, number) VALUES ('1', ' Raclette Courdavault
', '0.42', '8414438');
INSERT INTO product (id, name, price, number) VALUES ('2', ' Geitost
', '4.42', '1437941');
INSERT INTO product (id, name, price, number) VALUES ('3', ' Uncle Bobs Organic Dried Pears
', '7.36', '3111914');
INSERT INTO product (id, name, price, number) VALUES ('4', ' Laughing Lumberjack Lager
', '6.37', '4568825');
INSERT INTO product (id, name, price, number) VALUES ('5', ' Aniseed Syrup
', '4.55', '8797771');
INSERT INTO product (id, name, price, number) VALUES ('6', ' Gorgonzola Telino
', '8.23', '163637');
INSERT INTO product (id, name, price, number) VALUES ('7', ' Teatime Chocolate Biscuits
', '6.19', '4580185');
INSERT INTO product (id, name, price, number) VALUES ('8', ' Northwoods Cranberry Sauce
', '5.14', '5684844');
INSERT INTO product (id, name, price, number) VALUES ('9', ' Steeleye Stout
', '4.78', '2664116');
INSERT INTO product (id, name, price, number) VALUES ('10', ' Scottish Longbreads
', '6.74', '3381605');
INSERT INTO product (id, name, price, number) VALUES ('11', ' Genen Shouyu
', '8.17', '2459276');
INSERT INTO product (id, name, price, number) VALUES ('12', ' Manjimup Dried Apples
', '9.82', '6158189');
INSERT INTO product (id, name, price, number) VALUES ('13', ' Original Frankfurter grüne Soße
', '3.98', '106842');
INSERT INTO product (id, name, price, number) VALUES ('14', ' Nord-Ost Matjeshering
', '9.58', '3509968');
INSERT INTO supplier (id, name, address, phone_number) VALUES ('0', 'Lam LLC', 'USS Johnson
FPO AE 48328', '719-013-4394');
INSERT INTO supplier (id, name, address, phone_number) VALUES ('1', 'Woodard, Walton and Martin', '4044 Hunt Passage Suite 597
North Mistyhaven, WV 67112', '(374)485-9517x9465');
INSERT INTO supplier (id, name, address, phone_number) VALUES ('2', 'Farley Inc', 'PSC 0134, Box 3448
APO AE 51407', '001-745-719-0650x766');
INSERT INTO supplier (id, name, address, phone_number) VALUES ('3', 'Torres, Glover and Jimenez', '908 Hayes Plaza Apt. 022
Gregoryville, MO 64643', '363.680.0088x812');
INSERT INTO supplier (id, name, address, phone_number) VALUES ('4', 'Parker, Baker and Shepherd', '18895 Thomas Freeway
Matthewsfort, IL 17773', '001-150-653-2583x3100');
INSERT INTO supplier (id, name, address, phone_number) VALUES ('5', 'Stevens-Gray', '63354 Brown Avenue Suite 904
South Jennifer, IN 03466', '982-520-6075');
INSERT INTO supplier (id, name, address, phone_number) VALUES ('6', 'Thomas Ltd', '2282 Valentine Well Suite 396
West Kyleville, NV 13971', '001-329-064-1700x669');
INSERT INTO supplier (id, name, address, phone_number) VALUES ('7', 'Wood, Miller and Smith', '568 Brandon Path
Lake Matthew, MD 36736', '(291)149-8357');
INSERT INTO supplier (id, name, address, phone_number) VALUES ('8', 'Young, Hoffman and Guzman', 'USCGC Galvan
FPO AE 99064', '242.171.6473x30845');
INSERT INTO supplier (id, name, address, phone_number) VALUES ('9', 'Melendez Group', 'Unit 5997 Box 6294
DPO AE 04561', '385.568.1360');
INSERT INTO supplier (id, name, address, phone_number) VALUES ('10', 'Hudson Ltd', '843 Emma Highway Suite 991
Taylorborough, WI 88453', '(408)762-1065x2713');
INSERT INTO supplier (id, name, address, phone_number) VALUES ('11', 'Hanna Inc', '72250 Bishop Parkways Apt. 756
New William, CT 51935', '(788)494-6043x42247');
INSERT INTO supplier (id, name, address, phone_number) VALUES ('12', 'Martin-Reeves', '31070 Murray Valley Suite 538
Lake Matthew, OK 61826', '657-353-9531x90945');
INSERT INTO supplier (id, name, address, phone_number) VALUES ('13', 'Olson, Jones and Marshall', '538 Wright Springs
New Melissa, MT 00872', '(225)479-2236');
INSERT INTO supplier (id, name, address, phone_number) VALUES ('14', 'Mcdonald LLC', '65457 Emily Glens
New Katherine, MA 36602', '654.542.8337x1840');
INSERT INTO shipper (id, name, address, postal_code) VALUES ('0', 'George Inc', '838 Jillian Loaf Suite 277
Port Tylerview, ND 29380', '326607');
INSERT INTO shipper (id, name, address, postal_code) VALUES ('1', 'Flores, Myers and Fuller', '23074 Karen Spring Apt. 812
West Taylor, UT 29637', '699622');
INSERT INTO shipper (id, name, address, postal_code) VALUES ('2', 'Crawford-Richardson', '51260 Finley Trail
Lake Danielbury, VI 77150', '600401');
INSERT INTO shipper (id, name, address, postal_code) VALUES ('3', 'Hill and Sons', 'USNS Clay
FPO AP 98016', '872687');
INSERT INTO shipper (id, name, address, postal_code) VALUES ('4', 'Morales, Smith and Garza', '652 Lisa Trace Apt. 167
Jeffreystad, PA 83672', '838290');
INSERT INTO shipper (id, name, address, postal_code) VALUES ('5', 'Thomas-Smith', '692 Lee Valley
Debbieberg, VA 45470', '255237');
INSERT INTO shipper (id, name, address, postal_code) VALUES ('6', 'Pearson-Miller', '01697 Patel Burgs
Leetown, DC 44952', '561196');
INSERT INTO shipper (id, name, address, postal_code) VALUES ('7', 'Edwards-Carey', 'PSC 3822, Box 5856
APO AP 27543', '253126');
INSERT INTO shipper (id, name, address, postal_code) VALUES ('8', 'Johnson LLC', '1720 Hancock Walk
Miguelborough, MT 05036', '627191');
INSERT INTO shipper (id, name, address, postal_code) VALUES ('9', 'Sharp PLC', '71701 Geoffrey Crossing
Parkerland, NM 32807', '794274');
INSERT INTO shipper (id, name, address, postal_code) VALUES ('10', 'Jones-Lester', '78555 Eugene Prairie Suite 247
West Kathryn, PR 90665', '264955');
INSERT INTO shipper (id, name, address, postal_code) VALUES ('11', 'King-Suarez', '43844 Edward Oval Apt. 013
South Juan, MI 35681', '307057');
INSERT INTO shipper (id, name, address, postal_code) VALUES ('12', 'Patel and Sons', '328 Carlson Burg
South Shaneland, MT 60064', '943319');
INSERT INTO shipper (id, name, address, postal_code) VALUES ('13', 'Mcbride, Faulkner and Johnson', '662 Saunders Land
Port Ethan, ID 68661', '777799');
INSERT INTO shipper (id, name, address, postal_code) VALUES ('14', 'Simmons, Delacruz and Stanley', '99357 Rice Drives Suite 253
Lake Donna, OH 06144', '961908');
INSERT INTO customer (id, name, address, phone_number) VALUES ('0', 'Caroline Gates', '54562 Lori Skyway Apt. 898
North Jacob, KS 42885', '609.534.4312x15383');
INSERT INTO customer (id, name, address, phone_number) VALUES ('1', 'Victoria Lopez', '376 Michelle Circle Apt. 533
New Toddland, HI 74451', '(833)522-1190');
INSERT INTO customer (id, name, address, phone_number) VALUES ('2', 'Jason Ochoa', 'USCGC Atkins
FPO AE 95601', '933-882-0494x2540');
INSERT INTO customer (id, name, address, phone_number) VALUES ('3', 'Anthony Smith', '6598 Emily Harbor Suite 041
Scottmouth, SD 13923', '001-739-439-7343x251');
INSERT INTO customer (id, name, address, phone_number) VALUES ('4', 'James Armstrong', 'PSC 3833, Box 6492
APO AA 32494', '147.369.9107x74700');
INSERT INTO customer (id, name, address, phone_number) VALUES ('5', 'Jordan Fisher', '12508 Natasha Streets
Fordchester, IN 85031', '(253)329-3129x525');
INSERT INTO customer (id, name, address, phone_number) VALUES ('6', 'Ann Hart', '122 Robert Gateway
Lake Brittanystad, GU 60899', '6009434505');
INSERT INTO customer (id, name, address, phone_number) VALUES ('7', 'Katherine Stafford', '1984 Nathan Extension Suite 610
Pettytown, NE 14873', '+1-228-185-7405x774');
INSERT INTO customer (id, name, address, phone_number) VALUES ('8', 'Sheila Parker', '0646 Avila Gardens
New David, OH 71096', '+1-422-462-9913x855');
INSERT INTO customer (id, name, address, phone_number) VALUES ('9', 'Raymond Bautista', '677 Frank Turnpike Suite 413
Vincentmouth, NH 71421', '551-451-5028x0851');
INSERT INTO customer (id, name, address, phone_number) VALUES ('10', 'Susan Garcia', '2190 Singh Stream
Arianaview, DC 85232', '001-977-705-1240x4319');
INSERT INTO customer (id, name, address, phone_number) VALUES ('11', 'Lori Brooks', '32547 White Prairie
Rubioburgh, VA 23771', '924.864.0899');
INSERT INTO customer (id, name, address, phone_number) VALUES ('12', 'Joel Cooley', '11403 Jared Trail Suite 768
Zacharyland, IA 66760', '229.888.8508');
INSERT INTO customer (id, name, address, phone_number) VALUES ('13', 'Daniel Baird', '01459 Olson Islands
Dyerview, NH 86963', '(285)611-7847x87745');
INSERT INTO customer (id, name, address, phone_number) VALUES ('14', 'Richard Jacobson', '1813 Morales Radial Suite 265
Adamstown, KS 57228', '493-785-1738x5109');
INSERT INTO warehouse (id, address, phone_number, supplier_id) VALUES ('0', '882 Lisa Expressway Suite 532
Danielleville, OK 22893', '(950)711-6335x43524', '2');
INSERT INTO warehouse (id, address, phone_number, supplier_id) VALUES ('1', '494 Martin Forks Suite 463
Nicholashaven, MS 71926', '862.104.8357x1102', '9');
INSERT INTO warehouse (id, address, phone_number, supplier_id) VALUES ('2', '93936 Erickson Station Suite 807
Lake Ashleyville, WA 56764', '(793)009-2564', '13');
INSERT INTO warehouse (id, address, phone_number, supplier_id) VALUES ('3', '68130 Ashley Ridges Suite 076
North Breanna, RI 40093', '901.367.4166x957', '12');
INSERT INTO warehouse (id, address, phone_number, supplier_id) VALUES ('4', '346 Mckenzie Tunnel
West Adamborough, SC 20969', '457.918.4846', '12');
INSERT INTO warehouse (id, address, phone_number, supplier_id) VALUES ('5', '738 Katherine Drive Suite 045
New Emilytown, UT 45387', '5885140275', '1');
INSERT INTO warehouse (id, address, phone_number, supplier_id) VALUES ('6', '58345 Robert Forks Suite 518
Johnshire, NC 82111', '115-202-5308', '4');
INSERT INTO warehouse (id, address, phone_number, supplier_id) VALUES ('7', '8550 Smith Pike
North Aprilhaven, CO 22077', '(218)836-9649x6821', '1');
INSERT INTO warehouse (id, address, phone_number, supplier_id) VALUES ('8', '23664 Hernandez Lake
Clinefurt, ND 62951', '(481)017-5132', '7');
INSERT INTO warehouse (id, address, phone_number, supplier_id) VALUES ('9', '6449 Todd Points Apt. 930
Lake Lori, NE 33737', '(805)154-2314x14758', '12');
INSERT INTO warehouse (id, address, phone_number, supplier_id) VALUES ('10', '384 Angel Groves
Josephville, AL 67994', '+1-822-823-4347x052', '7');
INSERT INTO warehouse (id, address, phone_number, supplier_id) VALUES ('11', '2435 Jeffrey Springs
Nicoleberg, NM 93131', '907-237-1477x492', '7');
INSERT INTO warehouse (id, address, phone_number, supplier_id) VALUES ('12', '04309 Harvey Ford
Davidbury, ME 58602', '+1-857-820-8712x0517', '10');
INSERT INTO warehouse (id, address, phone_number, supplier_id) VALUES ('13', '2701 Dawn Mills Suite 834
Tanyaborough, MO 90951', '7640407523', '6');
INSERT INTO warehouse (id, address, phone_number, supplier_id) VALUES ('14', 'USNV Holland
FPO AE 14735', '(747)714-0541x9389', '12');
INSERT INTO freight (id, start_date, end_date, destination, customer_id) VALUES ('0', '2013-01-05', '2013-03-31', 'Unit 2595 Box 8581
DPO AA 22099', '13');
INSERT INTO freight (id, start_date, end_date, destination, customer_id) VALUES ('1', '2011-06-01', '2011-07-16', '721 Stephanie Place Apt. 262
North Lorraine, WA 33516', '1');
INSERT INTO freight (id, start_date, end_date, destination, customer_id) VALUES ('2', '2021-02-10', '2021-04-21', '4388 Baxter Gardens Suite 576
East Darius, WI 28548', '7');
INSERT INTO freight (id, start_date, end_date, destination, customer_id) VALUES ('3', '2018-07-07', '2018-08-15', '1069 Mitchell Mews Apt. 527
Russellshire, CT 93286', '1');
INSERT INTO freight (id, start_date, end_date, destination, customer_id) VALUES ('4', '2020-12-10', '2020-12-26', '968 Laura Shoals
Lake Jamie, NE 73157', '14');
INSERT INTO freight (id, start_date, end_date, destination, customer_id) VALUES ('5', '2018-09-29', '2018-12-06', '3034 Calvin Stream Apt. 930
Paulside, NJ 93565', '9');
INSERT INTO freight (id, start_date, end_date, destination, customer_id) VALUES ('6', '2010-01-18', '2010-03-29', '948 Holloway Center
Lake Breannaton, MO 66336', '4');
INSERT INTO freight (id, start_date, end_date, destination, customer_id) VALUES ('7', '2015-02-18', '2015-05-17', '8302 Cook Cliff Suite 176
West Deborahshire, MT 96875', '1');
INSERT INTO freight (id, start_date, end_date, destination, customer_id) VALUES ('8', '2017-02-13', '2017-03-01', '73708 White Inlet Suite 424
Goodwinstad, NY 12337', '0');
INSERT INTO freight (id, start_date, end_date, destination, customer_id) VALUES ('9', '2010-07-28', '2010-10-18', '54797 Cynthia Villages Apt. 855
Caldwellport, GU 83079', '0');
INSERT INTO freight (id, start_date, end_date, destination, customer_id) VALUES ('10', '2018-07-20', '2018-08-29', '704 Alexander Tunnel
West Jacob, NH 43539', '6');
INSERT INTO freight (id, start_date, end_date, destination, customer_id) VALUES ('11', '2010-08-26', '2010-11-14', '251 George Stravenue
North Cherylmouth, VA 18045', '3');
INSERT INTO freight (id, start_date, end_date, destination, customer_id) VALUES ('12', '2019-10-28', '2020-01-12', '788 Berg Port Suite 055
North Patrick, NJ 53129', '8');
INSERT INTO freight (id, start_date, end_date, destination, customer_id) VALUES ('13', '2015-03-25', '2015-05-21', '71994 Trujillo Rue Apt. 506
Hartmanland, WA 96855', '3');
INSERT INTO freight (id, start_date, end_date, destination, customer_id) VALUES ('14', '2014-11-28', '2015-02-07', '5146 Conrad Roads Suite 526
Lake Pamelabury, CA 30396', '4');
INSERT INTO driver (id, name, passport_number, freight_id, shipper_id) VALUES ('0', 'Roger Miller', '18724467CAV47', '0', '11');
INSERT INTO driver (id, name, passport_number, freight_id, shipper_id) VALUES ('1', 'William Clark', '47299005YJF40', '3', '12');
INSERT INTO driver (id, name, passport_number, freight_id, shipper_id) VALUES ('2', 'Eric Elliott', '44222420VOQ19', '13', '4');
INSERT INTO driver (id, name, passport_number, freight_id, shipper_id) VALUES ('3', 'Vincent Cook', '13779486HPW85', '9', '13');
INSERT INTO driver (id, name, passport_number, freight_id, shipper_id) VALUES ('4', 'Sabrina Gray', '02741576JLN75', '6', '5');
INSERT INTO driver (id, name, passport_number, freight_id, shipper_id) VALUES ('5', 'Jimmy Christian', '40079531NZU58', '3', '6');
INSERT INTO driver (id, name, passport_number, freight_id, shipper_id) VALUES ('6', 'Michael Hill', '59542590UVX78', '8', '12');
INSERT INTO driver (id, name, passport_number, freight_id, shipper_id) VALUES ('7', 'Destiny Wu', '54085154JIO66', '7', '9');
INSERT INTO driver (id, name, passport_number, freight_id, shipper_id) VALUES ('8', 'Anthony Roy', '02158778GVR00', '0', '12');
INSERT INTO driver (id, name, passport_number, freight_id, shipper_id) VALUES ('9', 'Cynthia Simpson', '72163015EHS43', '7', '1');
INSERT INTO driver (id, name, passport_number, freight_id, shipper_id) VALUES ('10', 'Eric Mckee', '03411852PVA01', '11', '2');
INSERT INTO driver (id, name, passport_number, freight_id, shipper_id) VALUES ('11', 'Tim Taylor MD', '45489664NAR86', '6', '0');
INSERT INTO driver (id, name, passport_number, freight_id, shipper_id) VALUES ('12', 'Mark Green', '71200092EOD58', '9', '13');
INSERT INTO driver (id, name, passport_number, freight_id, shipper_id) VALUES ('13', 'Jaclyn Steele', '29488760FCO85', '7', '1');
INSERT INTO driver (id, name, passport_number, freight_id, shipper_id) VALUES ('14', 'Vanessa Knight', '93506421WVO14', '4', '10');
INSERT INTO truck (id, registration_number, max_load, driver_id) VALUES ('0', '1872-ML6', '15', '1');
INSERT INTO truck (id, registration_number, max_load, driver_id) VALUES ('1', '4836-TS4', '48', '12');
INSERT INTO truck (id, registration_number, max_load, driver_id) VALUES ('2', '2990-AO6', '45', '3');
INSERT INTO truck (id, registration_number, max_load, driver_id) VALUES ('3', '9757-YO5', '16', '10');
INSERT INTO truck (id, registration_number, max_load, driver_id) VALUES ('4', '2420-VO1', '13', '10');
INSERT INTO truck (id, registration_number, max_load, driver_id) VALUES ('5', '9813-SS6', '34', '13');
INSERT INTO truck (id, registration_number, max_load, driver_id) VALUES ('6', '9129-MY6', '39', '13');
INSERT INTO truck (id, registration_number, max_load, driver_id) VALUES ('7', '0274-EO5', '7', '7');
INSERT INTO truck (id, registration_number, max_load, driver_id) VALUES ('8', '6118-JT7', '4', '4');
INSERT INTO truck (id, registration_number, max_load, driver_id) VALUES ('9', '7953-EN0', '14', '8');
INSERT INTO truck (id, registration_number, max_load, driver_id) VALUES ('10', '9543-WJ4', '44', '8');
INSERT INTO truck (id, registration_number, max_load, driver_id) VALUES ('11', '6738-YY8', '10', '8');
INSERT INTO truck (id, registration_number, max_load, driver_id) VALUES ('12', '7294-JO8', '28', '7');
INSERT INTO truck (id, registration_number, max_load, driver_id) VALUES ('13', '8405-UI9', '3', '12');
INSERT INTO truck (id, registration_number, max_load, driver_id) VALUES ('14', '2158-UU4', '4', '13');
INSERT INTO supplier_shipper (id, supplier_id, shipper_id) VALUES ('0', '0', '1');
INSERT INTO supplier_shipper (id, supplier_id, shipper_id) VALUES ('1', '0', '13');
INSERT INTO supplier_shipper (id, supplier_id, shipper_id) VALUES ('2', '0', '0');
INSERT INTO supplier_shipper (id, supplier_id, shipper_id) VALUES ('3', '0', '7');
INSERT INTO supplier_shipper (id, supplier_id, shipper_id) VALUES ('4', '1', '12');
INSERT INTO supplier_shipper (id, supplier_id, shipper_id) VALUES ('5', '1', '12');
INSERT INTO supplier_shipper (id, supplier_id, shipper_id) VALUES ('6', '1', '4');
INSERT INTO supplier_shipper (id, supplier_id, shipper_id) VALUES ('7', '1', '3');
INSERT INTO supplier_shipper (id, supplier_id, shipper_id) VALUES ('8', '2', '1');
INSERT INTO supplier_shipper (id, supplier_id, shipper_id) VALUES ('9', '2', '12');
INSERT INTO supplier_shipper (id, supplier_id, shipper_id) VALUES ('10', '2', '9');
INSERT INTO supplier_shipper (id, supplier_id, shipper_id) VALUES ('11', '2', '2');
INSERT INTO supplier_shipper (id, supplier_id, shipper_id) VALUES ('12', '2', '5');
INSERT INTO supplier_shipper (id, supplier_id, shipper_id) VALUES ('13', '3', '1');
INSERT INTO supplier_shipper (id, supplier_id, shipper_id) VALUES ('14', '3', '2');
INSERT INTO supplier_shipper (id, supplier_id, shipper_id) VALUES ('15', '3', '2');
INSERT INTO supplier_shipper (id, supplier_id, shipper_id) VALUES ('16', '3', '4');
INSERT INTO supplier_shipper (id, supplier_id, shipper_id) VALUES ('17', '3', '8');
INSERT INTO supplier_shipper (id, supplier_id, shipper_id) VALUES ('18', '4', '10');
INSERT INTO supplier_shipper (id, supplier_id, shipper_id) VALUES ('19', '4', '4');
INSERT INTO supplier_shipper (id, supplier_id, shipper_id) VALUES ('20', '4', '10');
INSERT INTO supplier_shipper (id, supplier_id, shipper_id) VALUES ('21', '4', '11');
INSERT INTO supplier_shipper (id, supplier_id, shipper_id) VALUES ('22', '5', '7');
INSERT INTO supplier_shipper (id, supplier_id, shipper_id) VALUES ('23', '5', '11');
INSERT INTO supplier_shipper (id, supplier_id, shipper_id) VALUES ('24', '5', '5');
INSERT INTO supplier_shipper (id, supplier_id, shipper_id) VALUES ('25', '5', '7');
INSERT INTO supplier_shipper (id, supplier_id, shipper_id) VALUES ('26', '5', '7');
INSERT INTO supplier_shipper (id, supplier_id, shipper_id) VALUES ('27', '6', '0');
INSERT INTO supplier_shipper (id, supplier_id, shipper_id) VALUES ('28', '6', '4');
INSERT INTO supplier_shipper (id, supplier_id, shipper_id) VALUES ('29', '6', '6');
INSERT INTO supplier_shipper (id, supplier_id, shipper_id) VALUES ('30', '6', '5');
INSERT INTO supplier_shipper (id, supplier_id, shipper_id) VALUES ('31', '7', '12');
INSERT INTO supplier_shipper (id, supplier_id, shipper_id) VALUES ('32', '7', '3');
INSERT INTO supplier_shipper (id, supplier_id, shipper_id) VALUES ('33', '7', '4');
INSERT INTO supplier_shipper (id, supplier_id, shipper_id) VALUES ('34', '7', '1');
INSERT INTO supplier_shipper (id, supplier_id, shipper_id) VALUES ('35', '7', '4');
INSERT INTO supplier_shipper (id, supplier_id, shipper_id) VALUES ('36', '8', '9');
INSERT INTO supplier_shipper (id, supplier_id, shipper_id) VALUES ('37', '8', '6');
INSERT INTO supplier_shipper (id, supplier_id, shipper_id) VALUES ('38', '8', '13');
INSERT INTO supplier_shipper (id, supplier_id, shipper_id) VALUES ('39', '8', '0');
INSERT INTO supplier_shipper (id, supplier_id, shipper_id) VALUES ('40', '9', '0');
INSERT INTO supplier_shipper (id, supplier_id, shipper_id) VALUES ('41', '9', '6');
INSERT INTO supplier_shipper (id, supplier_id, shipper_id) VALUES ('42', '9', '2');
INSERT INTO supplier_shipper (id, supplier_id, shipper_id) VALUES ('43', '9', '0');
INSERT INTO supplier_shipper (id, supplier_id, shipper_id) VALUES ('44', '10', '7');
INSERT INTO supplier_shipper (id, supplier_id, shipper_id) VALUES ('45', '10', '11');
INSERT INTO supplier_shipper (id, supplier_id, shipper_id) VALUES ('46', '10', '8');
INSERT INTO supplier_shipper (id, supplier_id, shipper_id) VALUES ('47', '10', '10');
INSERT INTO supplier_shipper (id, supplier_id, shipper_id) VALUES ('48', '11', '8');
INSERT INTO supplier_shipper (id, supplier_id, shipper_id) VALUES ('49', '11', '13');
INSERT INTO supplier_shipper (id, supplier_id, shipper_id) VALUES ('50', '11', '3');
INSERT INTO supplier_shipper (id, supplier_id, shipper_id) VALUES ('51', '11', '10');
INSERT INTO supplier_shipper (id, supplier_id, shipper_id) VALUES ('52', '11', '12');
INSERT INTO supplier_shipper (id, supplier_id, shipper_id) VALUES ('53', '12', '3');
INSERT INTO supplier_shipper (id, supplier_id, shipper_id) VALUES ('54', '12', '8');
INSERT INTO supplier_shipper (id, supplier_id, shipper_id) VALUES ('55', '12', '10');
INSERT INTO supplier_shipper (id, supplier_id, shipper_id) VALUES ('56', '12', '0');
INSERT INTO supplier_shipper (id, supplier_id, shipper_id) VALUES ('57', '12', '6');
INSERT INTO supplier_shipper (id, supplier_id, shipper_id) VALUES ('58', '13', '10');
INSERT INTO supplier_shipper (id, supplier_id, shipper_id) VALUES ('59', '13', '10');
INSERT INTO supplier_shipper (id, supplier_id, shipper_id) VALUES ('60', '13', '6');
INSERT INTO supplier_shipper (id, supplier_id, shipper_id) VALUES ('61', '13', '0');
INSERT INTO supplier_shipper (id, supplier_id, shipper_id) VALUES ('62', '13', '11');
INSERT INTO supplier_shipper (id, supplier_id, shipper_id) VALUES ('63', '14', '2');
INSERT INTO supplier_shipper (id, supplier_id, shipper_id) VALUES ('64', '14', '3');
INSERT INTO supplier_shipper (id, supplier_id, shipper_id) VALUES ('65', '14', '14');
INSERT INTO supplier_shipper (id, supplier_id, shipper_id) VALUES ('66', '14', '0');
INSERT INTO supplier_shipper (id, supplier_id, shipper_id) VALUES ('67', '14', '4');
INSERT INTO warehouse_product (id, warehouse_id, product_id) VALUES ('0', '0', '13');
INSERT INTO warehouse_product (id, warehouse_id, product_id) VALUES ('1', '0', '1');
INSERT INTO warehouse_product (id, warehouse_id, product_id) VALUES ('2', '0', '4');
INSERT INTO warehouse_product (id, warehouse_id, product_id) VALUES ('3', '0', '14');
INSERT INTO warehouse_product (id, warehouse_id, product_id) VALUES ('4', '1', '11');
INSERT INTO warehouse_product (id, warehouse_id, product_id) VALUES ('5', '1', '2');
INSERT INTO warehouse_product (id, warehouse_id, product_id) VALUES ('6', '1', '6');
INSERT INTO warehouse_product (id, warehouse_id, product_id) VALUES ('7', '1', '9');
INSERT INTO warehouse_product (id, warehouse_id, product_id) VALUES ('8', '1', '4');
INSERT INTO warehouse_product (id, warehouse_id, product_id) VALUES ('9', '2', '0');
INSERT INTO warehouse_product (id, warehouse_id, product_id) VALUES ('10', '2', '8');
INSERT INTO warehouse_product (id, warehouse_id, product_id) VALUES ('11', '2', '14');
INSERT INTO warehouse_product (id, warehouse_id, product_id) VALUES ('12', '2', '13');
INSERT INTO warehouse_product (id, warehouse_id, product_id) VALUES ('13', '3', '9');
INSERT INTO warehouse_product (id, warehouse_id, product_id) VALUES ('14', '3', '13');
INSERT INTO warehouse_product (id, warehouse_id, product_id) VALUES ('15', '3', '3');
INSERT INTO warehouse_product (id, warehouse_id, product_id) VALUES ('16', '3', '14');
INSERT INTO warehouse_product (id, warehouse_id, product_id) VALUES ('17', '4', '2');
INSERT INTO warehouse_product (id, warehouse_id, product_id) VALUES ('18', '4', '13');
INSERT INTO warehouse_product (id, warehouse_id, product_id) VALUES ('19', '4', '13');
INSERT INTO warehouse_product (id, warehouse_id, product_id) VALUES ('20', '4', '13');
INSERT INTO warehouse_product (id, warehouse_id, product_id) VALUES ('21', '4', '12');
INSERT INTO warehouse_product (id, warehouse_id, product_id) VALUES ('22', '5', '6');
INSERT INTO warehouse_product (id, warehouse_id, product_id) VALUES ('23', '5', '3');
INSERT INTO warehouse_product (id, warehouse_id, product_id) VALUES ('24', '5', '5');
INSERT INTO warehouse_product (id, warehouse_id, product_id) VALUES ('25', '5', '1');
INSERT INTO warehouse_product (id, warehouse_id, product_id) VALUES ('26', '6', '9');
INSERT INTO warehouse_product (id, warehouse_id, product_id) VALUES ('27', '6', '10');
INSERT INTO warehouse_product (id, warehouse_id, product_id) VALUES ('28', '6', '14');
INSERT INTO warehouse_product (id, warehouse_id, product_id) VALUES ('29', '6', '6');
INSERT INTO warehouse_product (id, warehouse_id, product_id) VALUES ('30', '7', '7');
INSERT INTO warehouse_product (id, warehouse_id, product_id) VALUES ('31', '7', '1');
INSERT INTO warehouse_product (id, warehouse_id, product_id) VALUES ('32', '7', '10');
INSERT INTO warehouse_product (id, warehouse_id, product_id) VALUES ('33', '7', '6');
INSERT INTO warehouse_product (id, warehouse_id, product_id) VALUES ('34', '8', '8');
INSERT INTO warehouse_product (id, warehouse_id, product_id) VALUES ('35', '8', '7');
INSERT INTO warehouse_product (id, warehouse_id, product_id) VALUES ('36', '8', '0');
INSERT INTO warehouse_product (id, warehouse_id, product_id) VALUES ('37', '8', '5');
INSERT INTO warehouse_product (id, warehouse_id, product_id) VALUES ('38', '8', '9');
INSERT INTO warehouse_product (id, warehouse_id, product_id) VALUES ('39', '9', '14');
INSERT INTO warehouse_product (id, warehouse_id, product_id) VALUES ('40', '9', '4');
INSERT INTO warehouse_product (id, warehouse_id, product_id) VALUES ('41', '9', '0');
INSERT INTO warehouse_product (id, warehouse_id, product_id) VALUES ('42', '9', '2');
INSERT INTO warehouse_product (id, warehouse_id, product_id) VALUES ('43', '9', '3');
INSERT INTO warehouse_product (id, warehouse_id, product_id) VALUES ('44', '10', '12');
INSERT INTO warehouse_product (id, warehouse_id, product_id) VALUES ('45', '10', '9');
INSERT INTO warehouse_product (id, warehouse_id, product_id) VALUES ('46', '10', '12');
INSERT INTO warehouse_product (id, warehouse_id, product_id) VALUES ('47', '10', '2');
INSERT INTO warehouse_product (id, warehouse_id, product_id) VALUES ('48', '10', '5');
INSERT INTO warehouse_product (id, warehouse_id, product_id) VALUES ('49', '11', '3');
INSERT INTO warehouse_product (id, warehouse_id, product_id) VALUES ('50', '11', '4');
INSERT INTO warehouse_product (id, warehouse_id, product_id) VALUES ('51', '11', '10');
INSERT INTO warehouse_product (id, warehouse_id, product_id) VALUES ('52', '11', '1');
INSERT INTO warehouse_product (id, warehouse_id, product_id) VALUES ('53', '11', '13');
INSERT INTO warehouse_product (id, warehouse_id, product_id) VALUES ('54', '12', '14');
INSERT INTO warehouse_product (id, warehouse_id, product_id) VALUES ('55', '12', '8');
INSERT INTO warehouse_product (id, warehouse_id, product_id) VALUES ('56', '12', '5');
INSERT INTO warehouse_product (id, warehouse_id, product_id) VALUES ('57', '12', '14');
INSERT INTO warehouse_product (id, warehouse_id, product_id) VALUES ('58', '12', '14');
INSERT INTO warehouse_product (id, warehouse_id, product_id) VALUES ('59', '13', '12');
INSERT INTO warehouse_product (id, warehouse_id, product_id) VALUES ('60', '13', '8');
INSERT INTO warehouse_product (id, warehouse_id, product_id) VALUES ('61', '13', '3');
INSERT INTO warehouse_product (id, warehouse_id, product_id) VALUES ('62', '13', '1');
INSERT INTO warehouse_product (id, warehouse_id, product_id) VALUES ('63', '13', '11');
INSERT INTO warehouse_product (id, warehouse_id, product_id) VALUES ('64', '14', '1');
INSERT INTO warehouse_product (id, warehouse_id, product_id) VALUES ('65', '14', '2');
INSERT INTO warehouse_product (id, warehouse_id, product_id) VALUES ('66', '14', '2');
INSERT INTO warehouse_product (id, warehouse_id, product_id) VALUES ('67', '14', '2');
INSERT INTO freight_product (id, freight_id, product_id) VALUES ('0', '0', '4');
INSERT INTO freight_product (id, freight_id, product_id) VALUES ('1', '0', '12');
INSERT INTO freight_product (id, freight_id, product_id) VALUES ('2', '0', '5');
INSERT INTO freight_product (id, freight_id, product_id) VALUES ('3', '0', '9');
INSERT INTO freight_product (id, freight_id, product_id) VALUES ('4', '1', '5');
INSERT INTO freight_product (id, freight_id, product_id) VALUES ('5', '1', '5');
INSERT INTO freight_product (id, freight_id, product_id) VALUES ('6', '1', '5');
INSERT INTO freight_product (id, freight_id, product_id) VALUES ('7', '1', '1');
INSERT INTO freight_product (id, freight_id, product_id) VALUES ('8', '1', '4');
INSERT INTO freight_product (id, freight_id, product_id) VALUES ('9', '2', '13');
INSERT INTO freight_product (id, freight_id, product_id) VALUES ('10', '2', '9');
INSERT INTO freight_product (id, freight_id, product_id) VALUES ('11', '2', '12');
INSERT INTO freight_product (id, freight_id, product_id) VALUES ('12', '2', '11');
INSERT INTO freight_product (id, freight_id, product_id) VALUES ('13', '3', '2');
INSERT INTO freight_product (id, freight_id, product_id) VALUES ('14', '3', '9');
INSERT INTO freight_product (id, freight_id, product_id) VALUES ('15', '3', '8');
INSERT INTO freight_product (id, freight_id, product_id) VALUES ('16', '3', '12');
INSERT INTO freight_product (id, freight_id, product_id) VALUES ('17', '3', '1');
INSERT INTO freight_product (id, freight_id, product_id) VALUES ('18', '4', '0');
INSERT INTO freight_product (id, freight_id, product_id) VALUES ('19', '4', '6');
INSERT INTO freight_product (id, freight_id, product_id) VALUES ('20', '4', '1');
INSERT INTO freight_product (id, freight_id, product_id) VALUES ('21', '4', '6');
INSERT INTO freight_product (id, freight_id, product_id) VALUES ('22', '4', '13');
INSERT INTO freight_product (id, freight_id, product_id) VALUES ('23', '5', '13');
INSERT INTO freight_product (id, freight_id, product_id) VALUES ('24', '5', '2');
INSERT INTO freight_product (id, freight_id, product_id) VALUES ('25', '5', '5');
INSERT INTO freight_product (id, freight_id, product_id) VALUES ('26', '5', '1');
INSERT INTO freight_product (id, freight_id, product_id) VALUES ('27', '6', '1');
INSERT INTO freight_product (id, freight_id, product_id) VALUES ('28', '6', '9');
INSERT INTO freight_product (id, freight_id, product_id) VALUES ('29', '6', '8');
INSERT INTO freight_product (id, freight_id, product_id) VALUES ('30', '6', '3');
INSERT INTO freight_product (id, freight_id, product_id) VALUES ('31', '6', '9');
INSERT INTO freight_product (id, freight_id, product_id) VALUES ('32', '7', '4');
INSERT INTO freight_product (id, freight_id, product_id) VALUES ('33', '7', '5');
INSERT INTO freight_product (id, freight_id, product_id) VALUES ('34', '7', '14');
INSERT INTO freight_product (id, freight_id, product_id) VALUES ('35', '7', '4');
INSERT INTO freight_product (id, freight_id, product_id) VALUES ('36', '8', '7');
INSERT INTO freight_product (id, freight_id, product_id) VALUES ('37', '8', '14');
INSERT INTO freight_product (id, freight_id, product_id) VALUES ('38', '8', '4');
INSERT INTO freight_product (id, freight_id, product_id) VALUES ('39', '8', '1');
INSERT INTO freight_product (id, freight_id, product_id) VALUES ('40', '9', '13');
INSERT INTO freight_product (id, freight_id, product_id) VALUES ('41', '9', '4');
INSERT INTO freight_product (id, freight_id, product_id) VALUES ('42', '9', '0');
INSERT INTO freight_product (id, freight_id, product_id) VALUES ('43', '9', '9');
INSERT INTO freight_product (id, freight_id, product_id) VALUES ('44', '10', '1');
INSERT INTO freight_product (id, freight_id, product_id) VALUES ('45', '10', '6');
INSERT INTO freight_product (id, freight_id, product_id) VALUES ('46', '10', '1');
INSERT INTO freight_product (id, freight_id, product_id) VALUES ('47', '10', '13');
INSERT INTO freight_product (id, freight_id, product_id) VALUES ('48', '11', '3');
INSERT INTO freight_product (id, freight_id, product_id) VALUES ('49', '11', '3');
INSERT INTO freight_product (id, freight_id, product_id) VALUES ('50', '11', '12');
INSERT INTO freight_product (id, freight_id, product_id) VALUES ('51', '11', '9');
INSERT INTO freight_product (id, freight_id, product_id) VALUES ('52', '12', '2');
INSERT INTO freight_product (id, freight_id, product_id) VALUES ('53', '12', '1');
INSERT INTO freight_product (id, freight_id, product_id) VALUES ('54', '12', '7');
INSERT INTO freight_product (id, freight_id, product_id) VALUES ('55', '12', '2');
INSERT INTO freight_product (id, freight_id, product_id) VALUES ('56', '12', '10');
INSERT INTO freight_product (id, freight_id, product_id) VALUES ('57', '13', '2');
INSERT INTO freight_product (id, freight_id, product_id) VALUES ('58', '13', '11');
INSERT INTO freight_product (id, freight_id, product_id) VALUES ('59', '13', '13');
INSERT INTO freight_product (id, freight_id, product_id) VALUES ('60', '13', '1');
INSERT INTO freight_product (id, freight_id, product_id) VALUES ('61', '14', '14');
INSERT INTO freight_product (id, freight_id, product_id) VALUES ('62', '14', '6');
INSERT INTO freight_product (id, freight_id, product_id) VALUES ('63', '14', '12');
INSERT INTO freight_product (id, freight_id, product_id) VALUES ('64', '14', '8');
INSERT INTO freight_product (id, freight_id, product_id) VALUES ('65', '14', '14');
